{"job": [[0, 1, 2, 3, 4, 5, 6, 7, 8, 9, 10], ["admin.", "blue-collar", "entrepreneur", "housemaid", "management", "retired", "self-employed", "services", "student", "technician", "unemployed"]], "marital": [[0, 1, 2], ["divorced", "married", "single"]], "education": [[0, 1, 2, 3, 4, 5, 6], ["basic.4y", "basic.6y", "basic.9y", "high.school", "illiterate", "professional.course", "university.degree"]], "default": [[0, 1], ["no", "yes"]], "housing": [[0, 1], ["no", "yes"]], "loan": [[0, 1], ["no", "yes"]], "contact": [[0, 1], ["cellular", "telephone"]], "month": [[0, 1, 2, 3, 4, 5, 6, 7, 8, 9], ["apr", "aug", "dec", "jul", "jun", "mar", "may", "nov", "oct", "sep"]], "day_of_week": [[0, 1, 2, 3, 4], ["fri", "mon", "thu", "tue", "wed"]], "poutcome": [[0, 1, 2], ["failure", "nonexistent", "success"]], "y": [[0, 1], ["no", "yes"]]}